<?xml version="1.0" encoding="UTF-8"?>
<metadata xml:lang="en"><Esri><CreaDate>20240314</CreaDate><CreaTime>21054600</CreaTime><ArcGISFormat>1.0</ArcGISFormat><SyncOnce>TRUE</SyncOnce><DataProperties><lineage><Process ToolSource="c:\program files\arcgis\pro\Resources\ArcToolbox\toolboxes\Data Management Tools.tbx\AddField" Date="20240314" Time="210546">AddField input_features_lyr iwp_cnt "Short (16-bit integer)" # # # # NULLABLE NON_REQUIRED #</Process><Process ToolSource="c:\program files\arcgis\pro\Resources\ArcToolbox\toolboxes\Data Management Tools.tbx\CalculateField" Date="20240314" Time="210547">CalculateField input_features_lyr iwp_cnt 1 Python # Text NO_ENFORCE_DOMAINS</Process></lineage></DataProperties></Esri></metadata>
